sha256	original_path	archive_path
b47b48a9c7ce14433bf4a5d17e4439af4a64f9c9e3e37abfea241c3193a3d05b	true_LS2K0300_Library/Seekfree_LS2K0300_Opensource_Library/libraries/zf_common/zf_common_fifo.cpp	true_LS2K0300_Library/Seekfree_LS2K0300_Opensource_Library/libraries/zf_common/zf_common_fifo.cpp
76bfdd1fa3fe007099b981235ac7e1e6650a993ffde3721aae1239b7beea8be9	true_LS2K0300_Library/Seekfree_LS2K0300_Opensource_Library/libraries/zf_common/zf_common_fifo.h	true_LS2K0300_Library/Seekfree_LS2K0300_Opensource_Library/libraries/zf_common/zf_common_fifo.h
a0d74948b36baedfa464a2127f64e30a3840b5f6d3e6dcb2b32af1fa77a99fb1	true_LS2K0300_Library/Seekfree_LS2K0300_Opensource_Library/libraries/zf_common/zf_common_font.cpp	true_LS2K0300_Library/Seekfree_LS2K0300_Opensource_Library/libraries/zf_common/zf_common_font.cpp
50d68ce6e94f14edf4b583bbe5ee58b420aa9cd6844f46bacbcb9f31a7f3b2e6	true_LS2K0300_Library/Seekfree_LS2K0300_Opensource_Library/libraries/zf_common/zf_common_font.h	true_LS2K0300_Library/Seekfree_LS2K0300_Opensource_Library/libraries/zf_common/zf_common_font.h
f43947d63d554cb6c0500a8aaf12eb3c06edcb880602c585f02f0d5047a8cc99	true_LS2K0300_Library/Seekfree_LS2K0300_Opensource_Library/libraries/zf_common/zf_common_function.cpp	true_LS2K0300_Library/Seekfree_LS2K0300_Opensource_Library/libraries/zf_common/zf_common_function.cpp
faa6e12141fb27829f597543dd34026d1582debb565395dc23441676e3ce0581	true_LS2K0300_Library/Seekfree_LS2K0300_Opensource_Library/libraries/zf_common/zf_common_function.h	true_LS2K0300_Library/Seekfree_LS2K0300_Opensource_Library/libraries/zf_common/zf_common_function.h
7ccf9a9c5b13041a5b38ce07e6cae4799636ae4f1590f0a51c2e785a8cee2dd1	true_LS2K0300_Library/Seekfree_LS2K0300_Opensource_Library/libraries/zf_common/zf_common_headfile.h	true_LS2K0300_Library/Seekfree_LS2K0300_Opensource_Library/libraries/zf_common/zf_common_headfile.h
246063ae293daa5da7ba84bdbdde82e8d4ccf68f714998757f2bb0d5b9158249	true_LS2K0300_Library/Seekfree_LS2K0300_Opensource_Library/libraries/zf_common/zf_common_typedef.h	true_LS2K0300_Library/Seekfree_LS2K0300_Opensource_Library/libraries/zf_common/zf_common_typedef.h
f7e835198e8e686ae3dfa51cef27d73361e4122ff56a34532a2cd72cbdbcfddc	true_LS2K0300_Library/Seekfree_LS2K0300_Opensource_Library/libraries/zf_components/seekfree_assistant/seekfree_assistant.cpp	true_LS2K0300_Library/Seekfree_LS2K0300_Opensource_Library/libraries/zf_components/seekfree_assistant/seekfree_assistant.cpp
0b22056081c141828760f61970109e4e052e313d20bcafa62ce9d95d9dfb36e1	true_LS2K0300_Library/Seekfree_LS2K0300_Opensource_Library/libraries/zf_components/seekfree_assistant/seekfree_assistant.h	true_LS2K0300_Library/Seekfree_LS2K0300_Opensource_Library/libraries/zf_components/seekfree_assistant/seekfree_assistant.h
76da00ebd0d79735ed8ecfc0295b342ace46a455baf791c4016c3b5b7970fc66	true_LS2K0300_Library/Seekfree_LS2K0300_Opensource_Library/libraries/zf_components/seekfree_assistant/seekfree_assistant_interface.cpp	true_LS2K0300_Library/Seekfree_LS2K0300_Opensource_Library/libraries/zf_components/seekfree_assistant/seekfree_assistant_interface.cpp
cd12288a20573c9a33c4e284cd36005cb1a169b0b014ee988438a1ac8524b530	true_LS2K0300_Library/Seekfree_LS2K0300_Opensource_Library/libraries/zf_components/seekfree_assistant/seekfree_assistant_interface.h	true_LS2K0300_Library/Seekfree_LS2K0300_Opensource_Library/libraries/zf_components/seekfree_assistant/seekfree_assistant_interface.h
085f3a78599ed8b5aea53abfd88e86432e3aff558f8b529c9c97990cdc66b87b	true_LS2K0300_Library/Seekfree_LS2K0300_Opensource_Library/libraries/zf_device/zf_device_imu660ra.cpp	true_LS2K0300_Library/Seekfree_LS2K0300_Opensource_Library/libraries/zf_device/zf_device_imu660ra.cpp
6f292c78efa9bf532f5aacbaf5cf275e32b59d7bf5c628dd9103c77d040fe0fb	true_LS2K0300_Library/Seekfree_LS2K0300_Opensource_Library/libraries/zf_device/zf_device_imu660ra.h	true_LS2K0300_Library/Seekfree_LS2K0300_Opensource_Library/libraries/zf_device/zf_device_imu660ra.h
234fbd42ebe0375ef0fc08bbe218e8580003fdd1ae73bc29635416f61638be6f	true_LS2K0300_Library/Seekfree_LS2K0300_Opensource_Library/libraries/zf_device/zf_device_imu660rb.cpp	true_LS2K0300_Library/Seekfree_LS2K0300_Opensource_Library/libraries/zf_device/zf_device_imu660rb.cpp
12850d7d2f30b9c47a7d205d8364883f96857e2770be07e032d8461075fd8993	true_LS2K0300_Library/Seekfree_LS2K0300_Opensource_Library/libraries/zf_device/zf_device_imu660rb.h	true_LS2K0300_Library/Seekfree_LS2K0300_Opensource_Library/libraries/zf_device/zf_device_imu660rb.h
fc0b0c7151f94d4c3be18661e936199319533887ad95e13e10eb6906fde51736	true_LS2K0300_Library/Seekfree_LS2K0300_Opensource_Library/libraries/zf_device/zf_device_imu963ra.cpp	true_LS2K0300_Library/Seekfree_LS2K0300_Opensource_Library/libraries/zf_device/zf_device_imu963ra.cpp
153792465989b3357e67212e258cde980845fe644b311b8a930987b3023d53b7	true_LS2K0300_Library/Seekfree_LS2K0300_Opensource_Library/libraries/zf_device/zf_device_imu963ra.h	true_LS2K0300_Library/Seekfree_LS2K0300_Opensource_Library/libraries/zf_device/zf_device_imu963ra.h
c6a8ba7cde04b01c7c0596fe91ecce80ec5920248936f3bdb3713e9c5fbde8a3	true_LS2K0300_Library/Seekfree_LS2K0300_Opensource_Library/libraries/zf_device/zf_device_imu_core.cpp	true_LS2K0300_Library/Seekfree_LS2K0300_Opensource_Library/libraries/zf_device/zf_device_imu_core.cpp
0024e37ead7f39bab37b10b23bae93ff9e690f1983ff46524081fe9e255a13c1	true_LS2K0300_Library/Seekfree_LS2K0300_Opensource_Library/libraries/zf_device/zf_device_imu_core.h	true_LS2K0300_Library/Seekfree_LS2K0300_Opensource_Library/libraries/zf_device/zf_device_imu_core.h
34233b5344a3820006a4c6c9e910cdc5bd0aa075e1f37a9282be2e885844c9d2	true_LS2K0300_Library/Seekfree_LS2K0300_Opensource_Library/libraries/zf_device/zf_device_ips200_fb.cpp	true_LS2K0300_Library/Seekfree_LS2K0300_Opensource_Library/libraries/zf_device/zf_device_ips200_fb.cpp
2fb413e75cbaa1ef74f9350195be650f67209f4e0075d28474a210bb512676d4	true_LS2K0300_Library/Seekfree_LS2K0300_Opensource_Library/libraries/zf_device/zf_device_ips200_fb.h	true_LS2K0300_Library/Seekfree_LS2K0300_Opensource_Library/libraries/zf_device/zf_device_ips200_fb.h
6b3bd511182db44b58e677a2c59e4300271ed1b5f6c9297bdf4b4efb1ef12f1d	true_LS2K0300_Library/Seekfree_LS2K0300_Opensource_Library/libraries/zf_device/zf_device_uvc.cpp	true_LS2K0300_Library/Seekfree_LS2K0300_Opensource_Library/libraries/zf_device/zf_device_uvc.cpp
dd0d4fa941eb76fc4cd8c8b3c5eadb3f995736ea42242a63285c52a43712649f	true_LS2K0300_Library/Seekfree_LS2K0300_Opensource_Library/libraries/zf_device/zf_device_uvc.h	true_LS2K0300_Library/Seekfree_LS2K0300_Opensource_Library/libraries/zf_device/zf_device_uvc.h
c4d1761a0429eb9767581d51739504de9e34f2e279ec2e7d3602b417debafead	true_LS2K0300_Library/Seekfree_LS2K0300_Opensource_Library/libraries/zf_driver/zf_driver_adc.cpp	true_LS2K0300_Library/Seekfree_LS2K0300_Opensource_Library/libraries/zf_driver/zf_driver_adc.cpp
2f2067a48be7ea5f709dbcbae525b246327ad20f48ddbe6680428983e30e8f82	true_LS2K0300_Library/Seekfree_LS2K0300_Opensource_Library/libraries/zf_driver/zf_driver_adc.h	true_LS2K0300_Library/Seekfree_LS2K0300_Opensource_Library/libraries/zf_driver/zf_driver_adc.h
49ef45ede3e56736d0bf1a1dd00fba61ab3c8b6c18a2d841220a1c3b5aabfe75	true_LS2K0300_Library/Seekfree_LS2K0300_Opensource_Library/libraries/zf_driver/zf_driver_delay.cpp	true_LS2K0300_Library/Seekfree_LS2K0300_Opensource_Library/libraries/zf_driver/zf_driver_delay.cpp
6bcb82e7afcb54d6149a86c4c21eff8cee8a6e480bfaaf6779df576ed9ceaee7	true_LS2K0300_Library/Seekfree_LS2K0300_Opensource_Library/libraries/zf_driver/zf_driver_delay.h	true_LS2K0300_Library/Seekfree_LS2K0300_Opensource_Library/libraries/zf_driver/zf_driver_delay.h
9e76e5422c2fe03b7dfeed825b92efbf700b09e0b462ddb7a16313a4662db19f	true_LS2K0300_Library/Seekfree_LS2K0300_Opensource_Library/libraries/zf_driver/zf_driver_encoder.cpp	true_LS2K0300_Library/Seekfree_LS2K0300_Opensource_Library/libraries/zf_driver/zf_driver_encoder.cpp
e9223b8c856d70cac947f502ad4c01ed7714a36f337cbb1512dd2746b897cddd	true_LS2K0300_Library/Seekfree_LS2K0300_Opensource_Library/libraries/zf_driver/zf_driver_encoder.h	true_LS2K0300_Library/Seekfree_LS2K0300_Opensource_Library/libraries/zf_driver/zf_driver_encoder.h
81a1f47f0d46cfc16546f3dc7741f5dd41cc9f71127a3f288028f1d156268c9a	true_LS2K0300_Library/Seekfree_LS2K0300_Opensource_Library/libraries/zf_driver/zf_driver_file.cpp	true_LS2K0300_Library/Seekfree_LS2K0300_Opensource_Library/libraries/zf_driver/zf_driver_file.cpp
92e038dd9229ff710148ec9644811052b12aaad1f6fc9b9bdb88a9554f3d518c	true_LS2K0300_Library/Seekfree_LS2K0300_Opensource_Library/libraries/zf_driver/zf_driver_file.h	true_LS2K0300_Library/Seekfree_LS2K0300_Opensource_Library/libraries/zf_driver/zf_driver_file.h
bf4e47efd13fe1257f6633cd2baf656f26cd52bb6a5405e4e80608b7c8c339fe	true_LS2K0300_Library/Seekfree_LS2K0300_Opensource_Library/libraries/zf_driver/zf_driver_gpio.cpp	true_LS2K0300_Library/Seekfree_LS2K0300_Opensource_Library/libraries/zf_driver/zf_driver_gpio.cpp
47d9da737a966dce488179a48d8e26e3c223d5386e6d2d7ec11e016e15fdd515	true_LS2K0300_Library/Seekfree_LS2K0300_Opensource_Library/libraries/zf_driver/zf_driver_gpio.h	true_LS2K0300_Library/Seekfree_LS2K0300_Opensource_Library/libraries/zf_driver/zf_driver_gpio.h
81eb6a583a83722e3ecaf6177340b3c6a79866180b8082de86cbe1ef65b8dd4f	true_LS2K0300_Library/Seekfree_LS2K0300_Opensource_Library/libraries/zf_driver/zf_driver_pit.cpp	true_LS2K0300_Library/Seekfree_LS2K0300_Opensource_Library/libraries/zf_driver/zf_driver_pit.cpp
202d2d88feb642b44b273a8f847294f66934c5dacb0f5b17fa17919443c2c50f	true_LS2K0300_Library/Seekfree_LS2K0300_Opensource_Library/libraries/zf_driver/zf_driver_pit.h	true_LS2K0300_Library/Seekfree_LS2K0300_Opensource_Library/libraries/zf_driver/zf_driver_pit.h
46232034f4ba06b1ef1c669332d3abe46a4cc40dc948444b8edb5f98c68b7703	true_LS2K0300_Library/Seekfree_LS2K0300_Opensource_Library/libraries/zf_driver/zf_driver_pit_fd.h	true_LS2K0300_Library/Seekfree_LS2K0300_Opensource_Library/libraries/zf_driver/zf_driver_pit_fd.h
fddb17eada7b063b9528397cd4cdfb1c1d38157dfae35474423747e03396ba7f	true_LS2K0300_Library/Seekfree_LS2K0300_Opensource_Library/libraries/zf_driver/zf_driver_pwm.cpp	true_LS2K0300_Library/Seekfree_LS2K0300_Opensource_Library/libraries/zf_driver/zf_driver_pwm.cpp
dc2715e7952af058cb226b0b71a70778836c16cb44c47fdc8249b7c2828d6aa0	true_LS2K0300_Library/Seekfree_LS2K0300_Opensource_Library/libraries/zf_driver/zf_driver_pwm.h	true_LS2K0300_Library/Seekfree_LS2K0300_Opensource_Library/libraries/zf_driver/zf_driver_pwm.h
893366a2360aa57d35f2c4005193bfd86907b34109e01267246c1e4d84d4442f	true_LS2K0300_Library/Seekfree_LS2K0300_Opensource_Library/libraries/zf_driver/zf_driver_tcp_client.cpp	true_LS2K0300_Library/Seekfree_LS2K0300_Opensource_Library/libraries/zf_driver/zf_driver_tcp_client.cpp
8c08f35bce82129e1d541207db97843cba21db7fb65aceced1272e409a217e9d	true_LS2K0300_Library/Seekfree_LS2K0300_Opensource_Library/libraries/zf_driver/zf_driver_tcp_client.h	true_LS2K0300_Library/Seekfree_LS2K0300_Opensource_Library/libraries/zf_driver/zf_driver_tcp_client.h
d954d278b73cdcfe986205ff5bafe680061e8d1711266c7dbd64c9f789567e8c	true_LS2K0300_Library/Seekfree_LS2K0300_Opensource_Library/libraries/zf_driver/zf_driver_udp.cpp	true_LS2K0300_Library/Seekfree_LS2K0300_Opensource_Library/libraries/zf_driver/zf_driver_udp.cpp
39b043647c92cc467abc824a1dfc75d5d735b3b8128cbd645e162e8ff600d050	true_LS2K0300_Library/Seekfree_LS2K0300_Opensource_Library/libraries/zf_driver/zf_driver_udp.h	true_LS2K0300_Library/Seekfree_LS2K0300_Opensource_Library/libraries/zf_driver/zf_driver_udp.h
